Speed,LSTM,Transformer,PDformer,Steformer,ST-Transformer
69.6,68.35,72.89,68.76,69.92,70.12
68.5,73.01,65.66,70.28,70.24,69.37
69.9,72.22,71.11,68.44,70.59,70.78
68.0,68.99,67.61,65.86,67.93,67.35
68.7,65.26,71.28,66.55,69.94,69.45
65.3,61.86,63.04,67.5,67.1,65.77
64.8,60.38,66.15,64.83,62.89,64.31
66.6,70.26,68.97,66.15,68.53,65.73
68.9,69.91,72.01,70.45,67.24,68.44
68.5,70.58,69.78,70.18,69.76,69.32
68.2,63.41,68.18,67.36,67.32,68.47
68.9,73.6,69.72,69.87,67.43,69.34
68.3,71.62,70.88,69.66,68.06,67.81
71.3,68.42,71.79,72.07,71.88,71.74
72.1,68.92,68.81,70.36,71.62,71.16
70.7,67.53,73.72,72.58,68.92,70.45
66.7,64.74,68.03,66.9,67.1,66.95
68.3,68.55,69.54,67.21,69.91,67.59
66.7,66.02,64.71,66.33,66.23,67.35
65.2,63.11,66.31,62.89,64.07,64.67
64.8,65.92,64.06,62.94,64.57,65.1
66.7,63.09,67.76,68.03,64.89,66.51
67.6,65.52,64.85,65.1,68.88,67.79
67.7,66.36,68.8,67.28,69.01,66.91
68.3,67.86,71.8,68.41,68.65,67.33
69.1,71.95,65.94,66.87,68.51,69.92
68.2,65.2,71.54,70.57,69.4,67.74
67.0,67.14,66.35,65.63,67.22,67.64
69.3,70.22,71.9,68.32,70.6,70.3
66.5,61.96,68.48,65.52,67.03,65.92
68.1,69.18,68.57,66.75,69.24,67.63
70.6,67.31,72.27,68.11,70.99,70.93
69.7,65.35,72.35,70.85,69.36,70.63
67.7,72.19,67.03,70.03,69.53,68.53
68.7,73.36,67.49,67.32,68.86,68.71
68.1,71.18,69.27,68.92,68.52,68.69
67.9,65.95,70.05,69.11,66.78,67.17
67.1,63.08,68.94,68.84,67.6,68.05
69.9,71.74,71.98,69.51,70.19,70.83
68.9,68.3,68.45,67.91,67.64,68.23
69.7,65.92,71.92,68.83,67.94,69.3
69.4,69.35,66.74,70.46,69.82,68.6
68.1,63.44,68.41,69.68,69.15,67.64
69.7,73.79,66.24,68.11,69.79,70.33
70.8,68.39,69.57,70.15,69.71,70.56
70.5,72.13,69.57,72.51,71.17,69.68
69.5,67.62,68.77,71.03,67.82,69.18
68.8,69.0,70.17,71.22,68.57,69.76
66.9,67.37,66.12,68.17,65.55,67.16
66.3,63.15,65.94,65.77,65.04,66.13
65.0,69.7,63.16,65.45,63.81,64.33
67.8,70.55,66.91,68.61,67.35,68.77
68.8,73.19,66.89,66.69,67.0,69.44
70.2,74.15,67.21,70.42,69.79,69.76
68.5,69.48,69.22,69.55,68.55,67.64
69.7,73.92,70.88,68.04,69.63,68.81
70.4,66.28,71.24,71.8,69.93,69.64
72.1,69.06,71.84,72.52,73.46,72.26
72.1,67.55,71.26,74.36,70.68,72.96
69.8,68.05,72.34,67.51,69.82,69.79
68.0,66.89,68.13,66.83,66.25,68.69
70.0,67.71,69.85,70.51,68.28,69.89
68.5,71.79,65.18,67.48,68.8,68.92
68.2,66.77,67.09,69.27,68.46,68.66
69.1,66.91,68.26,70.4,70.61,68.45
70.2,70.63,69.49,68.21,70.43,69.92
69.5,65.91,70.06,69.57,71.34,69.77
69.4,72.42,69.64,69.44,67.59,68.54
70.6,66.35,71.36,69.95,68.99,70.32
68.1,72.97,69.95,70.26,66.28,68.17
69.5,72.22,71.69,71.14,68.24,70.49
69.0,65.99,70.53,69.99,69.17,68.95
65.9,60.96,69.09,66.97,66.48,66.53
64.7,67.85,61.33,64.51,62.88,64.56
64.2,66.27,62.07,66.3,65.98,64.79
65.1,67.39,61.65,66.07,66.47,65.29
64.3,67.01,65.33,65.44,63.49,65.07
64.9,60.64,67.69,66.71,63.21,64.72
63.9,62.48,62.1,62.77,62.58,64.11
63.1,59.26,66.09,64.64,61.61,63.36
62.1,65.73,59.02,60.58,60.59,61.93
60.5,61.73,63.54,59.73,60.57,59.79
61.8,60.11,60.76,60.98,60.78,60.99
62.1,57.74,59.31,64.49,61.53,61.13
60.9,59.01,60.8,62.68,62.86,61.65
61.8,60.05,60.1,62.81,62.54,61.27
62.5,64.8,60.99,63.64,64.3,61.92
63.4,64.78,62.05,63.71,61.97,63.87
63.8,67.67,65.92,66.04,63.33,63.44
62.8,62.52,63.07,62.78,63.02,62.81
63.0,59.2,61.68,62.4,61.31,62.33
64.3,66.43,65.07,62.62,62.32,65.22
63.2,65.81,64.71,64.63,63.88,63.9
60.4,61.01,58.81,61.57,60.97,61.13
63.7,66.41,63.09,63.12,63.34,63.51
63.6,63.54,60.95,61.23,63.56,64.12
61.9,62.13,59.67,63.59,61.56,61.19
63.0,62.28,64.27,60.56,61.1,62.02
63.2,58.45,60.97,64.22,62.54,62.24
63.4,59.48,63.58,65.75,62.11,63.57
62.6,57.91,64.06,62.29,60.99,62.51
62.1,63.46,59.35,60.77,63.93,62.14
60.4,58.54,60.87,61.42,60.8,59.41
61.2,61.29,59.5,62.79,62.11,61.05
61.7,65.78,64.94,61.93,60.96,62.14
61.3,58.79,61.18,63.64,60.87,61.19
61.5,60.6,63.64,59.26,60.45,61.96
61.9,64.46,62.25,61.92,60.29,61.37
61.9,59.19,58.7,62.99,60.62,62.53
63.1,58.87,64.03,64.91,64.29,63.28
62.5,60.4,65.66,60.9,63.21,61.92
62.8,59.41,63.51,64.3,62.99,62.27
62.1,66.4,64.33,62.36,62.0,62.36
60.2,63.28,62.89,59.68,61.89,60.86
61.6,62.93,59.7,59.76,59.89,61.43
62.0,65.71,59.98,63.83,61.12,61.52
59.2,62.24,59.98,57.49,58.6,59.93
58.7,55.57,58.08,57.75,59.83,59.04
60.8,64.73,63.18,59.75,62.77,60.7
61.8,62.19,64.6,63.66,60.76,61.78
61.0,64.07,59.97,61.86,62.5,60.41
60.4,64.36,58.56,61.88,61.72,60.65
60.1,58.28,62.06,58.85,59.0,59.82
59.9,56.0,58.32,60.52,59.5,60.89
60.3,57.58,62.56,60.66,59.94,60.26
58.6,57.87,58.07,60.26,60.51,58.57
59.2,62.38,60.37,61.23,57.92,59.33
59.9,63.51,57.07,57.46,61.1,60.73
60.5,55.57,61.37,61.37,59.84,61.1
60.1,60.21,59.76,57.86,61.02,60.0
61.1,60.27,61.71,61.34,60.78,61.54
61.1,58.32,58.78,60.04,61.41,61.27
61.7,57.9,63.36,60.73,63.03,61.68
63.1,61.48,65.64,62.36,64.32,62.48
60.3,64.73,58.32,60.91,61.77,60.23
60.5,58.73,57.67,59.67,58.74,59.99
58.3,58.49,54.97,59.46,59.07,59.13
56.5,58.53,57.49,56.02,55.06,56.17
58.6,57.24,59.35,56.44,58.26,59.5
60.2,64.92,60.53,61.62,60.39,60.27
61.6,66.22,59.72,60.53,61.21,61.86
60.1,57.62,59.34,59.76,60.18,60.19
59.5,59.47,60.16,60.43,61.49,58.76
57.4,55.41,57.38,56.56,55.94,57.15
57.2,55.05,60.61,54.98,57.9,56.4
59.1,54.47,56.56,58.47,58.68,59.35
60.4,61.5,61.77,62.62,58.93,60.29
60.5,60.53,59.83,61.21,59.13,61.06
60.6,56.11,60.1,61.46,62.4,60.04
60.5,58.29,62.02,61.16,62.02,59.83
61.0,65.08,62.35,59.49,62.63,60.81
60.8,58.2,64.24,60.39,62.77,61.65
61.1,57.55,58.5,62.35,59.93,61.52
60.5,60.39,57.73,58.51,59.92,60.34
61.0,65.86,62.57,59.89,61.68,61.03
61.8,59.22,62.35,60.68,61.74,60.97
63.5,65.22,61.92,63.16,63.17,64.47
62.4,65.02,59.46,64.8,61.83,62.73
62.8,60.18,59.9,60.64,63.18,62.37
63.2,65.48,65.96,63.29,63.5,63.37
62.7,61.38,60.54,61.1,61.35,61.92
62.0,63.32,60.76,64.35,61.89,62.93
62.0,63.34,60.09,60.07,62.21,61.35
62.1,62.46,61.08,61.62,62.38,62.4
62.5,58.4,59.49,63.69,61.34,61.99
62.7,66.05,62.83,63.72,63.67,63.14
62.4,60.61,59.37,62.01,60.5,62.95
61.6,58.47,63.7,60.83,61.02,61.95
61.4,56.81,59.54,60.89,62.52,61.63
61.8,62.71,62.08,60.62,62.06,62.58
61.4,63.18,64.06,59.93,60.44,60.56
61.0,56.17,62.06,60.92,61.78,60.66
61.1,61.22,61.33,59.94,61.37,60.6
62.1,59.36,60.87,61.04,63.28,63.08
63.5,64.95,62.33,64.28,64.44,63.28
62.3,59.04,63.49,64.64,62.74,62.77
63.2,65.11,66.66,63.72,63.15,63.57
62.2,61.07,63.33,60.08,60.73,61.62
61.5,65.87,61.9,59.38,60.55,60.98
61.1,57.48,62.71,63.36,60.78,60.66
63.2,61.61,62.96,62.19,63.6,63.02
64.6,60.73,61.52,62.56,64.65,64.07
65.4,69.65,65.84,65.9,64.55,64.44
65.4,69.17,68.6,66.02,63.43,66.16
65.3,62.88,63.03,66.04,65.28,66.23
65.7,67.3,67.03,64.54,64.84,65.38
66.1,69.27,64.01,63.68,67.04,65.78
66.2,66.75,66.45,68.53,64.3,65.21
63.1,63.4,60.28,61.85,63.44,63.46
61.4,58.82,61.05,62.28,63.17,62.05
61.0,56.93,62.79,62.03,59.7,60.29
61.7,65.67,60.63,62.25,61.59,61.02
61.5,65.5,62.65,60.56,59.87,62.08
62.3,63.63,64.37,61.16,62.8,62.53
60.7,59.09,63.69,61.19,60.9,59.79
60.2,58.69,58.34,62.03,59.83,60.45
60.2,62.46,59.5,62.43,60.29,59.82
62.8,66.77,60.37,60.83,64.39,62.54
63.6,67.47,67.05,61.87,62.39,64.14
63.1,65.9,66.09,65.32,61.19,63.72
62.7,64.12,62.98,63.88,64.15,62.5
62.4,58.24,64.79,64.31,62.71,63.29
63.2,59.82,63.35,61.71,64.76,63.01
62.8,66.79,63.67,63.24,63.19,63.34
63.3,64.36,60.42,64.31,64.54,63.27
62.8,57.89,64.59,63.7,62.52,63.6
63.1,59.11,60.49,62.64,64.1,63.92
63.8,65.44,66.08,61.38,65.45,62.97
64.6,59.65,66.57,65.01,64.89,65.47
65.0,61.61,66.46,63.77,63.72,65.65
65.3,65.79,62.05,65.05,64.38,65.88
63.1,65.02,61.72,65.39,61.89,62.5
64.2,65.72,62.54,63.7,63.19,64.81
64.2,61.44,63.22,65.9,63.43,64.9
63.8,65.92,60.91,62.24,64.02,63.38
62.4,59.77,65.46,63.26,62.75,63.3
64.1,62.35,64.48,66.49,63.81,63.2
64.2,66.66,62.84,62.21,64.66,63.5
63.6,65.1,62.88,61.14,61.93,63.68
63.2,66.69,62.83,62.87,61.55,63.35
63.3,64.88,64.0,61.26,61.99,63.59
64.6,65.28,64.71,65.84,64.67,63.63
64.6,60.54,67.54,66.67,63.46,65.52
64.7,63.38,64.68,64.37,63.83,63.79
64.6,62.25,68.05,63.39,64.2,63.89
65.0,62.44,67.46,64.67,66.25,64.03
65.1,69.83,63.06,66.22,63.16,65.23
65.1,64.03,68.11,62.65,65.7,65.96
65.1,69.02,62.41,65.55,65.78,65.43
66.3,67.61,68.52,66.87,67.49,66.95
67.0,69.95,66.16,67.69,68.73,66.03
65.0,65.03,67.65,63.71,63.08,65.08
65.1,65.87,67.68,66.17,63.72,65.02
67.2,67.13,69.34,65.16,68.74,67.2
69.9,66.85,71.93,68.4,69.73,69.04
70.6,72.82,69.23,72.49,70.86,70.97
70.2,68.01,67.27,71.39,70.85,70.21
69.9,65.14,69.22,67.47,70.62,70.43
69.5,70.95,67.21,68.24,71.23,69.47
69.9,66.67,71.26,68.47,71.89,69.2
70.5,74.9,69.42,69.35,71.38,70.8
69.2,73.74,72.53,67.94,68.35,68.54
68.2,72.35,69.19,66.01,69.72,68.94
68.3,67.0,70.56,68.09,66.5,68.53
67.0,62.15,64.43,68.16,65.92,66.31
66.0,70.28,68.53,66.53,67.59,66.92
66.2,65.48,69.16,67.06,65.22,66.24
65.8,70.47,65.71,63.71,64.68,64.95
65.4,70.04,66.14,67.66,63.95,65.65
63.8,67.33,65.65,65.49,65.24,63.31
65.4,63.34,63.12,66.93,65.4,66.01
65.4,64.25,65.42,67.01,66.1,66.04
68.5,72.01,67.79,70.66,67.46,69.46
68.3,66.47,65.82,68.52,69.33,68.3
67.7,64.39,66.77,66.2,68.74,67.61
69.5,70.07,66.48,70.08,68.75,70.01
69.9,74.26,66.58,71.11,69.54,69.16
71.9,73.86,69.35,73.09,70.74,71.99
72.1,72.8,75.34,72.21,74.01,72.19
72.2,68.17,72.55,70.04,72.78,71.38
73.2,74.35,76.46,72.56,74.94,73.04
72.6,77.5,72.13,74.7,71.81,73.31
70.8,67.2,69.48,71.22,71.93,71.51
71.7,71.88,71.74,71.89,72.76,70.9
68.8,72.57,68.38,67.64,69.57,67.98
69.8,72.21,67.04,69.14,71.66,69.33
69.1,71.07,70.09,71.08,68.67,69.85
67.2,69.22,65.21,68.03,65.72,66.46
66.7,65.29,67.54,68.14,67.39,67.14
70.3,68.24,71.35,70.07,71.22,69.5
70.2,73.29,67.76,70.85,70.5,70.45
68.2,71.3,65.13,66.94,67.03,67.91
69.2,72.87,71.17,70.23,69.22,69.78
69.5,73.63,69.22,69.14,68.75,68.97
70.1,70.21,67.01,69.81,69.81,70.38
69.5,69.52,72.96,70.25,70.08,68.97
70.4,73.38,67.3,72.58,71.38,70.83
69.5,71.0,70.87,67.32,68.43,70.25
68.8,70.82,72.19,70.42,68.42,68.05
65.9,68.86,64.07,64.86,64.98,66.63
66.9,70.8,64.4,66.62,65.69,67.09
67.1,65.48,64.45,64.71,68.23,66.35
71.3,70.06,69.92,70.31,72.94,71.16
68.9,64.84,66.11,68.91,68.38,68.22
69.4,70.18,70.75,67.18,70.41,69.8
67.5,62.86,64.44,67.46,69.09,68.02
69.2,68.86,69.27,71.34,70.58,68.41
69.4,69.83,72.88,67.43,68.13,69.41
65.3,63.17,67.5,66.62,67.13,65.93
68.7,69.61,69.51,68.25,68.21,69.57
68.3,63.61,66.94,69.08,67.66,68.33
68.8,64.17,69.67,67.6,67.05,69.7
67.5,70.73,67.69,65.8,67.44,67.57
69.5,68.1,68.98,67.8,67.94,69.29
69.3,65.57,66.71,67.15,68.29,70.0
68.7,68.92,71.41,67.13,67.97,68.69
69.3,72.0,68.95,70.12,70.54,69.24
67.7,64.86,65.56,69.61,69.2,67.68
67.9,69.13,66.97,69.47,67.11,68.59
66.2,62.05,65.6,67.13,67.63,66.86
68.8,64.32,71.09,66.85,70.23,68.61
69.2,69.51,70.84,68.15,70.26,68.87
68.6,69.01,70.49,67.65,67.19,68.58
71.6,72.97,68.18,70.35,72.36,71.75
68.7,70.96,68.11,68.78,70.48,68.18
68.2,72.96,68.07,68.38,68.93,68.79
67.4,67.56,64.03,66.68,66.73,67.37
67.4,65.63,65.72,66.67,67.4,67.07
67.9,70.85,69.72,69.54,68.48,67.11
67.5,65.21,64.96,68.95,67.54,66.98
66.0,65.39,66.25,65.04,64.48,66.9
67.2,62.98,65.21,69.27,66.45,66.81
71.0,66.25,67.58,73.26,72.21,70.34
69.9,74.53,68.09,69.03,71.35,69.82
67.5,70.86,70.83,66.77,66.05,67.11
65.7,67.66,67.81,65.73,67.51,64.77
64.9,63.99,68.12,67.11,64.22,64.55
66.6,63.33,66.51,68.48,67.25,66.69
67.2,63.76,64.47,65.21,68.21,67.3
69.4,66.9,69.74,68.86,70.65,69.11
66.0,66.49,65.68,66.27,67.78,65.89
64.7,66.85,67.11,64.72,63.95,65.63
66.2,67.8,63.39,64.67,67.63,65.95
66.6,64.4,66.52,68.39,65.13,66.12
65.2,69.75,62.75,66.08,66.02,64.69
68.4,70.78,67.17,70.09,69.37,68.32
67.7,68.24,69.36,69.49,68.41,68.22
67.0,68.12,66.83,68.24,66.01,66.41
68.1,67.3,67.23,67.8,69.59,68.52
69.8,67.28,69.06,70.35,68.48,68.84
71.8,70.36,71.52,70.1,70.01,71.64
73.6,76.18,75.6,74.47,74.47,74.15
71.1,66.24,73.84,69.5,71.0,70.78
68.6,64.76,71.79,69.57,70.0,68.73
67.5,62.96,69.51,66.15,67.03,66.91
67.4,62.81,66.11,65.49,66.07,67.88
70.1,73.65,71.42,68.43,71.45,69.2
68.4,70.44,67.96,65.91,68.6,69.11
68.2,67.94,66.48,69.29,66.96,67.6
65.3,61.28,67.69,66.46,66.18,66.05
65.8,65.72,62.57,65.87,65.84,65.51
67.9,67.63,70.71,66.21,68.32,68.35
64.1,60.83,63.83,62.02,63.94,63.74
64.7,64.04,65.66,62.3,66.01,65.51
64.6,63.59,65.72,62.93,65.92,63.85
65.4,66.56,68.17,67.35,66.24,64.76
66.5,67.85,67.46,65.21,64.92,66.49
65.2,60.65,66.0,64.47,66.56,64.36
66.6,65.35,63.57,64.63,67.28,65.99
65.9,67.16,66.03,64.51,66.69,66.79
68.7,68.73,66.25,68.8,68.15,69.65
67.7,71.26,69.36,68.24,69.22,67.45
68.3,69.89,68.39,67.03,69.2,69.15
66.7,63.33,67.96,64.49,65.15,66.79
68.4,64.11,65.19,67.86,68.03,67.94
67.0,68.42,64.09,65.67,68.55,67.4
73.9,69.17,75.41,72.5,72.09,74.22
70.7,71.56,67.7,73.0,72.55,71.68
68.7,73.1,65.7,69.28,69.42,68.23
70.4,71.15,66.98,70.68,70.93,70.74
66.3,65.18,69.5,65.88,65.38,65.4
63.9,65.33,65.56,63.54,62.9,63.13
62.2,61.78,61.17,62.4,63.97,61.21
62.7,63.16,61.28,63.68,61.89,63.7
61.4,65.81,60.35,62.41,62.5,62.0
61.8,60.66,63.72,60.16,61.37,62.37
62.5,67.11,63.63,62.5,61.06,62.52
63.7,67.75,61.5,63.26,61.74,63.3
63.7,60.66,61.42,65.55,63.88,63.0
64.1,59.79,61.29,64.76,66.0,63.67
62.8,58.81,63.92,62.96,62.28,62.55
62.4,57.58,64.25,60.48,61.83,62.91
61.6,57.54,59.96,62.13,60.98,61.68
61.5,63.33,58.15,59.59,61.58,60.65
60.1,55.81,57.18,59.29,59.86,59.14
61.3,59.49,64.58,59.51,62.82,60.5
62.3,65.75,60.87,63.26,62.32,62.12
62.4,57.63,64.28,60.93,62.43,63.27
62.3,65.44,63.17,61.76,60.85,62.57
62.7,60.52,61.87,64.68,64.63,63.3
62.2,58.38,60.14,60.72,61.2,62.13
63.3,65.27,60.65,63.34,61.59,63.02
60.7,61.99,61.51,60.3,61.35,59.92
61.1,64.87,63.02,58.69,61.48,61.85
61.0,63.35,62.01,62.46,60.66,61.57
61.3,64.33,61.51,59.15,60.99,60.64
62.9,60.72,59.69,62.77,64.04,62.92
61.8,58.57,65.08,62.1,60.58,61.77
61.1,63.61,63.19,61.74,62.38,61.35
60.8,63.87,59.35,61.74,61.39,61.69
60.9,65.81,64.26,59.67,60.58,61.06
60.6,59.73,61.31,58.15,60.43,60.68
61.2,59.92,61.78,62.32,60.23,60.3
60.9,63.66,62.64,61.08,61.91,60.03
62.8,61.21,64.98,64.48,62.85,62.17
64.4,68.71,65.5,66.01,63.68,63.46
64.8,68.38,62.2,66.52,65.18,65.29
64.8,64.09,63.67,64.73,66.78,65.25
63.7,66.21,66.7,62.87,63.44,62.97
62.0,64.55,60.07,63.46,63.68,62.67
63.8,59.83,62.91,63.56,63.18,63.11
62.5,66.53,62.02,60.92,60.72,62.1
62.1,62.15,61.68,63.87,60.92,61.6
61.4,64.66,62.19,63.31,61.07,61.14
63.0,61.2,66.1,62.83,61.88,62.51
62.6,66.56,60.78,60.48,60.6,62.58
63.1,61.99,60.45,62.54,64.76,62.91
63.2,58.31,61.08,64.72,64.58,64.17
62.6,66.65,65.31,64.61,63.57,61.71
61.9,57.81,62.92,60.42,60.57,61.18
61.7,59.89,60.2,59.53,60.18,60.81
62.0,66.5,64.21,63.89,60.27,62.25
62.7,67.21,65.23,62.15,63.6,61.81
63.4,64.13,65.83,63.61,65.12,64.07
63.1,64.42,66.03,65.44,62.82,63.12
61.9,61.38,60.17,59.73,60.38,61.95
60.9,58.83,62.69,61.64,60.95,61.02
60.8,59.09,60.52,58.67,60.2,60.14
63.3,65.03,65.69,62.68,62.8,62.7
63.5,66.02,65.1,65.02,63.99,63.14
63.2,66.12,65.14,62.87,64.07,63.39
62.6,65.5,63.69,65.09,61.04,62.02
61.4,57.31,59.14,61.7,59.54,60.63
60.7,60.64,61.02,59.81,62.68,61.64
61.1,56.68,64.49,59.7,60.03,60.14
61.3,61.8,64.36,60.55,59.52,61.91
60.1,59.52,56.9,59.46,58.86,60.68
59.9,63.78,57.55,57.74,58.06,59.49
61.1,59.61,58.52,60.45,60.67,60.37
61.6,57.77,63.18,61.42,62.81,60.89
63.4,59.83,65.62,64.51,62.76,63.79
62.4,65.02,60.39,63.18,62.18,62.69
62.9,64.08,62.94,63.94,63.6,63.47
63.5,59.51,65.88,61.04,63.54,64.37
61.7,57.54,63.33,60.29,63.15,62.08
60.2,62.21,60.5,61.01,61.66,59.51
61.1,56.83,61.73,61.02,59.14,60.59
60.7,63.92,60.76,58.23,61.81,61.38
60.5,62.56,59.08,62.02,60.34,59.92
63.7,59.51,64.16,65.06,65.66,62.85
58.1,53.95,59.42,58.34,58.03,58.51
58.8,63.67,61.41,56.63,60.75,58.61
60.0,58.74,60.95,61.33,61.02,60.84
59.6,58.31,61.43,60.02,58.59,59.9
60.4,63.53,58.02,61.81,60.55,59.58
60.6,65.07,60.33,61.86,62.57,61.5
60.0,64.86,56.57,61.52,61.43,59.52
58.4,60.93,56.63,58.49,56.79,58.07
59.9,58.66,61.49,58.1,60.73,59.7
61.4,57.24,64.84,62.26,60.78,60.5
61.6,64.37,58.79,62.2,59.63,61.59
60.2,60.78,59.51,61.41,59.81,59.45
60.1,59.34,62.2,58.45,59.04,59.9
61.0,65.06,58.93,59.47,62.28,60.7
61.3,57.41,61.69,63.25,60.65,61.85
60.7,60.63,62.33,61.95,62.01,61.31
60.9,56.01,61.71,62.94,58.9,60.21
62.6,62.29,60.42,63.89,61.83,62.33
61.7,57.26,60.69,62.19,60.66,61.45
63.2,59.39,65.19,63.97,62.13,62.5
61.0,57.18,61.38,62.95,59.27,61.6
61.2,62.69,57.74,61.59,59.95,61.61
60.3,62.76,62.13,60.96,60.52,59.68
62.1,62.93,58.85,60.38,61.27,61.83
62.2,66.82,63.92,62.07,61.87,61.41
61.8,60.55,59.72,62.88,61.31,62.06
62.7,60.56,65.91,61.55,64.2,61.94
61.9,65.59,60.98,60.41,63.52,62.87
62.6,59.84,61.39,61.67,62.57,63.16
63.6,68.23,61.14,62.31,62.92,63.38
62.5,57.62,61.14,61.07,60.93,62.66
61.3,66.0,63.94,60.92,63.11,62.12
61.3,56.73,64.77,63.34,59.54,61.41
63.0,66.91,62.08,63.04,62.19,62.35
61.5,61.78,61.14,59.94,60.69,61.26
62.8,67.73,64.35,60.68,62.08,63.49
62.1,57.84,64.8,63.08,60.76,62.39
62.1,62.64,62.75,61.51,63.23,62.4
63.8,68.49,63.04,65.41,62.29,64.53
64.0,64.23,63.39,64.8,64.54,64.79
65.5,66.79,66.87,66.98,64.0,66.34
65.0,66.96,61.52,63.86,63.28,64.19
65.3,64.85,66.14,66.26,66.94,65.39
65.9,67.18,64.89,64.72,64.66,66.38
65.2,66.04,67.26,67.4,66.49,65.71
65.1,69.11,62.25,65.78,65.28,65.31
65.6,61.05,66.22,64.72,63.91,64.93
64.2,62.01,64.07,63.05,66.02,64.79
65.4,69.9,66.4,63.85,64.39,65.84
66.1,70.0,63.05,67.07,67.54,65.27
67.0,66.56,67.56,65.59,65.68,66.93
66.6,67.8,67.03,67.08,68.02,65.95
64.9,62.67,65.32,63.72,62.95,64.57
65.8,62.68,66.52,66.61,65.85,64.84
66.1,65.74,67.34,67.67,67.18,65.9
66.1,64.63,68.23,67.49,67.84,66.2
66.1,66.94,64.49,67.4,67.74,66.34
64.8,60.58,67.08,63.24,66.08,65.13
65.5,70.24,65.49,63.44,67.05,66.17
65.6,70.46,62.64,66.59,64.4,65.03
65.9,67.88,62.81,65.24,65.04,65.14
67.0,67.36,65.84,66.66,66.16,67.7
65.5,63.6,67.49,63.16,65.01,64.81
64.8,67.94,66.25,63.6,64.37,65.75
65.8,67.65,67.82,63.47,65.98,66.49
64.3,60.93,64.42,66.2,62.94,64.3
64.6,68.71,64.18,63.32,65.36,65.56
63.3,66.53,60.83,63.59,61.97,62.49
63.2,67.7,62.0,60.89,62.44,62.81
64.5,66.76,64.04,65.33,64.51,64.78
66.8,67.93,63.92,65.92,67.99,66.5
66.8,65.98,64.84,68.79,67.76,67.66
66.5,70.83,67.19,68.44,67.08,65.63
66.6,70.26,68.25,65.73,65.22,66.7
66.7,62.15,70.19,68.7,66.89,66.88
67.2,62.46,70.23,69.68,65.55,67.51
67.1,65.86,68.1,68.73,66.61,66.61
67.1,70.21,66.55,68.82,66.75,66.83
68.7,73.57,69.65,67.45,66.86,69.39
68.5,65.0,70.5,68.88,67.6,67.89
70.2,71.14,67.53,68.04,72.02,70.85
69.5,68.31,68.87,67.47,71.31,69.63
67.9,72.6,70.28,70.39,67.31,68.42
66.9,70.32,66.09,66.03,65.07,67.33
68.0,71.38,68.5,69.24,66.72,67.42
69.4,69.09,70.01,70.93,68.97,69.54
68.5,67.65,66.29,70.29,70.29,69.24
68.3,66.03,67.34,70.79,66.86,68.16
67.5,63.06,66.34,66.21,68.55,68.43
68.6,72.25,65.28,66.3,67.03,68.5
68.7,71.83,65.37,68.26,70.63,67.99
68.0,73.0,70.32,66.15,67.53,67.78
68.2,73.17,66.61,65.81,69.3,69.1
67.9,68.45,68.03,67.2,67.27,67.54
67.0,69.69,65.59,68.42,67.51,67.74
66.0,70.45,69.08,66.33,64.77,66.76
64.7,68.2,63.02,63.76,63.28,64.4
65.7,63.17,65.21,66.47,67.45,64.87
63.8,63.31,66.41,62.46,65.47,64.25
63.9,60.19,66.29,61.47,65.45,63.52
66.3,70.84,64.1,67.62,66.8,66.87
66.7,67.76,68.82,67.32,67.93,66.59
68.4,65.69,68.11,69.71,66.68,68.37
66.9,68.62,66.78,64.59,66.24,67.46
67.8,68.98,65.23,69.49,67.05,67.56
68.4,66.98,65.46,69.0,68.94,68.29
69.6,65.74,71.2,69.92,69.02,69.35
69.8,71.52,69.78,70.42,68.39,69.53
70.8,71.0,70.36,72.62,71.19,70.85
69.9,72.62,71.51,70.33,71.16,70.52
70.6,70.8,72.46,71.0,70.13,70.32
70.9,74.42,68.51,73.35,69.43,70.95
69.8,70.32,70.57,71.08,68.59,70.14
69.6,70.21,67.05,69.31,68.55,69.14
71.0,74.77,72.76,72.04,70.2,70.56
70.2,69.23,71.3,69.65,70.77,71.07
69.9,66.24,73.1,68.54,70.3,70.35
70.1,65.39,67.08,70.58,70.88,70.25
70.4,72.95,67.3,72.54,69.85,70.7
72.1,73.3,70.58,74.25,73.4,71.16
69.5,71.54,67.83,68.71,68.32,69.74
68.2,65.33,66.43,68.34,68.08,68.22
70.2,66.56,73.04,68.76,71.4,70.29
70.4,65.55,68.65,72.88,69.12,70.12
70.0,68.51,68.4,72.41,68.44,69.16
69.0,69.9,70.82,69.75,70.53,68.39
67.9,66.82,67.55,69.42,67.27,68.8
68.1,67.47,70.04,69.18,68.84,67.92
66.3,70.34,63.26,66.77,64.4,66.23
67.5,65.98,67.41,65.27,68.26,66.61
67.2,67.34,63.94,66.97,66.46,66.28
65.8,68.64,62.74,66.67,64.02,66.23
68.3,67.27,71.15,69.19,68.74,68.38
69.3,70.52,66.77,68.67,68.26,69.32
69.2,72.82,69.43,71.41,68.75,68.69
69.0,73.5,68.38,67.34,67.32,69.49
65.1,61.57,64.03,65.1,63.69,64.44
66.5,70.77,69.3,67.45,65.69,65.88
68.6,68.52,65.25,69.59,66.96,68.52
69.1,66.68,70.25,69.84,70.74,68.67
69.0,68.59,72.24,67.88,67.02,68.49
68.4,73.2,68.82,66.68,68.34,68.69
68.0,67.93,71.06,68.68,66.49,68.3
67.5,65.79,64.37,68.0,66.73,68.15
69.7,71.03,69.13,68.1,71.4,69.54
70.8,68.2,69.12,71.83,69.45,69.95
70.5,66.26,72.12,70.28,72.36,70.05
70.1,66.39,73.47,70.94,68.92,71.06
70.0,66.28,68.3,71.69,70.97,70.19
70.5,67.02,71.58,68.85,70.69,70.92
70.1,66.49,67.99,67.7,71.64,69.11
68.7,70.11,69.16,70.1,68.92,68.74
68.1,64.92,67.85,68.65,68.24,67.18
65.8,64.26,69.1,66.8,64.58,65.94
66.1,70.07,66.86,67.79,64.76,66.94
68.3,68.04,67.25,69.81,69.97,69.24
69.0,70.68,66.3,71.3,68.31,69.08
68.0,64.72,65.56,68.18,67.49,67.92
68.4,65.32,66.48,68.34,69.44,69.29
68.7,64.11,66.96,68.21,68.06,69.05
70.5,67.19,72.95,68.77,72.31,69.63
70.7,68.49,71.13,71.06,71.65,70.63
67.5,64.27,67.66,66.39,67.89,66.98
67.9,63.79,65.2,70.01,69.42,67.84
66.1,62.31,68.62,66.52,64.3,66.01
68.9,68.51,70.46,69.36,67.93,69.06
68.0,65.06,64.97,67.27,67.86,67.71
67.3,65.94,68.75,65.06,66.21,66.63
69.2,69.23,69.5,66.86,70.18,69.21
70.8,72.7,67.87,70.42,72.48,71.46
70.9,66.29,70.61,68.82,70.6,71.23
70.0,72.99,69.89,70.53,69.37,69.68
69.0,70.28,66.66,70.9,70.85,69.87
69.3,65.12,72.42,71.21,69.08,70.12
69.3,73.04,71.75,70.1,69.26,68.72
70.9,75.11,72.08,69.46,70.31,69.98
69.9,65.51,69.64,71.71,71.54,70.38
70.3,68.07,69.68,72.23,70.58,70.96
68.9,71.96,69.96,67.38,69.95,69.84
68.7,71.18,69.02,69.89,69.95,69.48
70.0,66.85,66.94,68.93,69.37,70.2
69.3,66.39,69.39,70.81,69.03,69.36
70.7,69.4,72.84,73.19,72.09,69.76
68.2,68.05,67.91,65.85,67.65,67.69
69.6,70.78,66.46,71.59,70.78,69.52
69.0,67.69,71.0,69.61,70.76,69.26
68.7,68.33,66.61,71.07,69.19,68.81
69.7,72.17,68.01,69.53,70.67,70.19
68.7,64.07,66.35,70.44,69.92,68.26
69.5,67.02,68.31,67.31,70.88,69.63
68.3,70.43,70.1,67.48,67.88,67.48
70.4,74.35,70.54,68.24,68.61,70.23
69.2,69.32,67.13,71.58,68.81,69.7
67.9,68.22,70.54,69.48,68.6,68.29
67.8,63.87,70.46,69.56,67.6,68.78
67.8,67.27,70.39,69.99,68.8,67.36
68.9,69.23,67.07,66.83,68.33,68.9
68.7,66.12,68.36,68.13,69.24,68.36
68.7,66.39,72.09,66.56,67.45,68.58
64.8,63.57,66.7,63.35,65.8,65.51
68.4,63.6,65.09,67.05,68.58,68.77
66.9,65.12,63.86,66.75,65.72,67.66
68.9,66.01,68.65,67.74,68.07,68.31
69.1,67.37,71.96,67.1,70.09,69.85
66.5,62.7,66.77,64.84,66.43,65.62
67.4,71.31,67.38,65.64,66.26,68.18
69.3,70.24,66.54,71.67,71.17,68.96
69.0,70.79,70.1,70.3,69.86,68.63
66.6,69.49,68.85,68.94,68.43,66.62
67.3,67.28,66.46,67.0,67.01,68.18
65.4,61.27,67.33,64.29,65.3,64.5
65.1,65.47,68.35,66.59,66.69,64.8
68.1,68.97,66.03,67.23,68.2,68.81
67.7,70.15,67.86,66.7,68.53,67.49
69.5,68.82,68.01,68.16,68.51,68.9
70.3,66.58,72.35,68.45,70.09,70.15
68.3,66.14,68.84,67.08,66.79,68.07
66.9,65.53,67.84,66.18,65.72,67.73
68.9,70.36,70.99,69.77,66.9,69.42
70.1,70.81,69.37,67.91,68.26,70.11
68.3,66.86,71.21,66.85,70.21,69.28
66.5,71.37,66.73,68.05,65.47,66.43
66.4,67.46,64.01,64.63,67.05,65.52
66.2,63.57,67.57,65.41,67.56,65.72
66.5,62.52,68.55,68.32,66.7,66.37
66.9,63.43,65.62,65.17,65.51,66.21
65.6,63.06,68.1,63.51,66.51,66.5
65.5,62.11,68.34,65.42,65.9,66.03
65.9,62.77,64.34,64.91,66.83,65.44
66.0,63.85,69.38,66.32,67.08,66.18
66.3,63.03,63.78,67.82,68.2,66.74
65.8,69.77,63.71,63.99,66.09,66.68
66.5,62.3,64.29,66.9,65.87,67.26
64.9,65.15,67.66,64.93,65.49,64.93
63.2,62.3,64.28,61.42,61.47,63.75
64.3,69.12,61.86,64.92,65.89,64.42
64.0,60.12,63.58,62.87,62.48,64.11
66.0,64.98,66.81,65.94,65.31,65.23
64.5,69.19,61.58,62.41,65.76,63.75
65.1,68.76,67.78,64.9,65.49,65.16
64.6,67.77,66.73,63.63,64.17,64.14
65.2,62.78,65.24,66.81,65.09,64.24
67.1,63.81,70.37,64.88,68.52,67.55
66.2,67.89,65.62,65.79,65.56,65.26
65.2,69.49,68.59,64.99,66.68,65.39
65.0,65.57,66.18,66.13,63.35,65.08
65.0,65.72,65.94,65.37,66.11,65.94
64.8,62.6,62.46,65.64,66.19,64.77
65.0,67.69,67.67,66.39,63.73,64.13
63.0,59.87,62.49,64.81,62.72,63.1
64.3,62.54,61.94,63.37,62.96,64.98
64.4,63.65,60.99,64.59,65.23,65.39
65.0,65.08,65.42,66.7,65.14,64.86
65.3,62.72,65.49,67.75,65.84,64.94
65.9,62.05,67.44,67.85,64.69,66.71
66.5,67.61,69.23,65.86,65.35,65.88
65.4,63.29,62.46,63.88,63.57,65.63
64.9,65.71,66.52,64.85,64.19,64.71
65.9,62.44,63.71,67.11,66.14,64.98
65.1,64.91,67.61,65.06,66.53,64.79
64.7,65.03,66.93,64.62,65.37,64.23
64.3,59.82,64.59,65.99,64.04,64.67
64.6,62.97,66.07,63.91,66.41,65.5
64.9,61.24,63.6,66.7,65.78,64.44
64.6,60.23,64.4,64.13,66.32,65.22
65.0,69.9,67.25,64.14,65.11,64.11
65.4,63.62,65.11,65.17,64.44,65.48
66.0,69.1,65.0,67.31,64.21,65.14
65.9,63.45,65.86,64.03,66.8,66.77
64.9,66.72,67.2,63.38,63.39,65.43
64.9,67.5,63.75,67.16,64.11,65.22
64.6,65.56,62.32,62.98,64.73,65.25
63.1,62.82,64.58,63.44,63.36,63.4
63.2,62.32,65.48,63.6,63.6,64.14
64.5,62.99,61.7,64.45,63.17,64.93
63.7,68.0,61.88,64.42,63.22,64.55
64.3,67.61,61.79,62.95,64.77,64.33
66.3,70.95,65.24,66.56,68.18,65.53
64.8,61.04,64.45,64.16,65.71,64.86
62.7,65.01,64.44,63.51,64.39,61.95
63.6,67.98,64.66,61.81,64.65,63.78
63.7,60.51,64.55,64.05,64.07,63.66
64.3,59.96,63.27,62.73,63.07,64.55
64.9,67.31,67.29,63.79,65.57,63.92
65.7,66.44,65.5,64.29,66.19,65.09
65.9,69.32,69.25,64.31,66.31,65.88
65.1,61.5,66.04,66.73,65.06,66.0
63.9,66.85,61.28,62.83,64.01,63.67
64.8,61.82,66.03,66.94,64.14,64.65
63.8,60.44,62.58,66.15,63.88,64.23
62.5,59.14,63.8,62.86,61.29,62.71
63.4,66.55,60.39,61.62,64.62,63.0
63.4,65.05,61.12,62.77,62.14,63.22
63.8,64.03,66.29,65.29,62.14,63.24
63.7,62.29,61.79,63.04,63.44,64.63
65.1,68.87,67.46,63.04,65.73,64.36
64.8,63.72,63.25,65.08,64.55,64.54
63.5,66.67,64.5,65.23,62.61,62.55
64.2,63.59,65.56,65.68,64.43,63.64
63.8,62.57,63.89,62.18,63.19,64.36
63.3,62.93,61.94,64.16,65.03,62.7
63.0,61.01,60.99,61.6,64.69,62.16
64.2,66.68,60.93,62.79,64.21,64.15
64.1,64.13,62.73,65.97,63.41,63.12
63.7,61.02,64.77,62.45,64.65,62.87
65.2,69.2,68.27,64.02,63.35,65.82
64.7,63.54,67.3,62.2,64.6,65.24
63.5,63.94,65.36,65.35,62.85,64.33
62.8,66.86,64.82,64.26,64.48,63.51
64.4,65.64,65.55,65.04,62.45,64.77
64.9,61.07,63.22,66.15,65.11,64.0
65.1,69.5,67.95,63.36,66.06,65.67
64.3,65.58,65.5,64.09,64.24,64.99
63.6,61.95,64.02,62.86,61.94,64.2
63.5,59.89,60.78,61.47,65.39,63.52
62.6,65.54,62.23,62.53,62.67,62.07
63.1,64.3,62.82,65.2,63.56,63.79
63.9,64.23,66.45,61.6,62.85,64.35
64.8,68.74,65.13,63.76,64.73,65.76
65.0,67.89,64.16,63.54,64.72,64.31
64.8,61.32,68.14,63.49,63.1,64.25
65.7,63.82,62.98,67.74,64.12,65.12
64.8,62.28,64.26,64.64,66.15,65.39
65.8,68.24,62.59,65.63,64.76,65.17
64.9,60.24,66.58,66.2,63.68,64.03
65.4,66.1,68.33,63.67,65.42,66.4
65.5,68.12,63.96,65.44,66.57,64.55
65.9,69.67,68.41,65.55,64.15,66.57
66.0,64.42,64.55,66.48,66.31,65.73
65.2,68.41,68.08,67.7,63.68,65.88
64.9,61.01,66.68,66.25,63.05,65.01
65.5,68.96,67.63,64.99,63.71,66.3
65.3,61.57,61.93,66.94,66.64,66.15
66.2,65.17,69.44,64.55,64.67,65.22
65.9,68.87,67.49,63.55,64.08,65.05
65.7,62.2,64.33,64.22,65.45,65.2
67.0,64.29,69.31,66.2,68.38,67.34
66.4,68.62,64.87,66.45,65.45,67.18
66.5,68.7,69.11,67.08,66.19,66.42
66.4,67.81,63.69,68.45,64.56,66.61
65.7,67.64,67.13,65.75,65.5,65.08
66.6,67.03,66.88,66.61,66.91,67.21
67.4,64.92,64.58,65.15,67.68,68.33
67.5,65.96,65.69,65.17,66.83,67.04
67.5,64.32,64.09,67.76,66.76,67.49
66.5,70.58,66.28,66.19,64.93,65.67
65.8,66.63,64.41,67.5,65.27,65.92
67.2,66.21,67.89,65.5,65.6,67.21
67.8,67.42,66.38,65.42,68.87,67.09
66.8,71.27,65.4,66.55,68.67,66.68
66.9,63.43,68.6,65.59,68.78,66.57
67.2,68.06,64.04,64.95,68.66,67.24
66.3,66.36,69.12,67.42,66.7,66.47
65.8,66.91,68.27,63.86,66.6,64.82
65.5,60.68,66.67,66.04,64.64,66.02
65.6,69.32,66.25,64.51,66.12,66.03
67.1,71.42,69.85,65.47,66.92,66.83
68.3,68.95,66.1,67.7,68.23,67.41
67.6,69.57,64.65,69.11,68.63,68.11
67.4,71.62,65.58,66.86,66.53,68.31
66.0,68.07,68.06,67.25,65.27,65.48
67.0,63.53,63.74,65.13,68.7,66.65
67.4,68.16,67.98,68.76,65.62,66.77
68.7,69.77,72.17,67.38,68.64,68.85
67.3,66.54,69.79,68.19,68.95,66.61
66.2,68.56,66.35,66.53,66.64,65.91
65.7,70.04,62.65,67.85,65.89,66.09
66.5,70.76,68.82,65.94,65.5,66.62
67.9,67.41,68.59,65.73,67.27,67.67
68.5,64.63,65.8,66.1,69.91,68.34
67.4,72.25,64.56,69.03,67.64,67.52
66.5,69.89,69.37,66.62,66.56,65.51
67.5,63.75,68.68,68.88,65.9,66.66
68.2,72.41,70.51,66.87,66.26,68.96
69.0,72.7,71.65,68.23,70.85,68.16
67.7,67.89,68.2,65.35,67.21,68.11
67.3,68.21,67.42,69.61,67.71,68.14
68.1,67.09,67.61,68.94,66.42,67.64
68.1,63.65,66.82,70.27,68.83,67.84
66.6,64.95,66.14,65.43,68.33,66.74
66.8,69.83,68.72,67.36,67.1,67.56
66.5,61.55,67.21,67.39,65.0,67.38
64.9,63.23,67.65,63.99,65.23,65.38
63.4,62.38,63.0,65.14,64.47,62.57
62.9,63.27,63.65,65.14,62.53,63.24
63.4,67.6,64.32,65.32,64.92,63.22
63.2,61.66,63.84,64.4,63.79,63.14
62.4,60.87,63.82,61.29,64.0,61.5
66.3,68.68,64.46,65.21,66.79,65.68
67.7,67.22,67.79,70.02,66.23,68.28
67.1,64.35,64.33,64.65,66.34,67.01
67.1,66.62,66.29,68.18,65.91,66.7
67.7,64.11,67.61,68.73,69.34,67.47
68.5,65.26,69.57,69.11,69.54,69.21
67.3,67.28,70.45,69.75,68.01,67.8
68.4,67.59,69.1,67.46,67.6,67.94
68.6,72.75,70.31,67.8,67.34,67.84
68.3,66.92,68.34,66.19,69.33,67.8
68.3,69.11,69.24,68.01,68.2,69.14
69.2,70.52,66.2,68.01,68.1,69.36
68.4,63.53,66.68,67.62,68.87,68.47
68.3,69.94,67.33,69.97,66.46,68.49
68.1,64.88,67.91,70.28,67.4,67.83
68.0,72.61,64.82,66.43,67.87,68.61
68.9,65.39,66.38,68.26,67.49,68.95
70.4,69.55,68.84,72.54,72.34,69.63
69.5,65.35,72.8,67.31,68.34,68.76
70.0,74.97,68.82,67.96,68.52,70.07
68.6,68.62,68.47,66.91,67.41,69.47
70.3,71.25,68.17,70.78,71.38,69.92
69.3,64.97,70.08,67.55,69.0,70.04
69.9,72.4,68.36,72.24,70.16,70.43
70.4,67.5,68.35,70.13,68.48,69.9
71.3,75.28,71.42,71.31,69.44,70.37
70.4,67.45,66.94,69.13,70.18,69.6
68.7,65.61,65.25,68.55,69.97,69.16
69.5,64.87,67.53,70.31,71.04,68.9
70.0,69.72,66.76,71.26,68.35,69.74
69.1,69.75,66.36,70.37,69.25,69.1
70.5,66.16,69.37,70.89,72.15,70.95
69.9,72.66,72.02,71.92,69.45,69.13
71.3,70.83,71.8,72.89,72.62,71.11
72.3,72.54,72.39,73.59,70.83,72.27
70.8,70.21,69.35,68.58,72.54,70.88
70.4,69.41,73.42,67.93,71.41,71.04
72.7,73.3,71.98,71.26,74.47,72.04
70.3,66.85,67.41,71.12,71.01,70.92
71.4,68.22,72.22,70.96,70.85,71.79
72.6,76.22,69.9,72.11,74.35,72.71
72.0,76.46,70.92,73.92,71.1,72.4
71.6,70.33,71.65,73.58,70.93,71.42
73.3,71.01,75.92,75.35,74.1,72.58
70.4,71.84,70.35,69.47,71.46,70.73
70.4,69.49,71.82,71.36,72.12,70.45
71.8,67.05,75.25,70.66,70.62,72.08
71.8,68.36,69.22,70.25,72.99,71.48
73.9,76.06,72.32,72.32,74.85,74.71
72.3,73.89,71.56,71.51,70.56,72.47
72.8,68.07,72.25,72.45,72.35,71.97
72.7,69.92,72.08,74.35,71.83,72.6
73.2,70.51,76.05,71.3,72.42,73.71
72.5,74.22,74.0,73.67,74.43,73.09
71.7,66.9,72.46,71.86,72.27,71.69
72.8,68.84,71.47,71.74,73.67,73.59
71.4,74.4,73.67,71.36,73.31,70.94
71.2,67.99,74.39,70.2,70.71,71.02
71.1,72.63,73.35,71.58,72.31,71.9
72.3,69.68,68.81,71.97,72.04,73.09
71.8,67.79,72.75,70.12,73.28,72.17
71.7,69.13,68.56,69.78,70.42,72.42
72.9,75.12,71.2,73.13,74.69,72.08
73.6,77.16,70.52,75.61,72.48,74.33
73.4,76.7,74.13,72.62,72.7,73.04
73.6,72.57,74.91,74.77,74.62,72.96
72.4,74.08,69.7,73.19,71.98,71.88
73.9,70.95,73.09,76.06,74.33,73.74
72.8,70.73,72.49,74.4,72.58,72.3
71.6,75.56,70.68,71.93,72.57,71.24
73.6,68.73,70.95,74.39,72.51,72.87
72.2,68.06,71.63,74.19,70.43,71.79
71.0,68.08,72.76,70.5,70.2,71.14
72.1,67.37,69.1,71.23,72.0,71.98
71.5,68.31,68.56,69.05,70.17,71.19
70.7,71.53,69.68,72.33,70.12,71.19
70.7,69.91,73.79,72.2,70.3,71.49
71.1,75.03,72.28,69.12,69.33,71.61
71.9,75.07,73.15,72.28,72.23,71.56
72.3,70.72,71.33,72.12,73.84,72.79
71.6,69.19,72.26,69.69,70.21,70.9
69.9,68.7,66.47,72.3,70.29,69.16
69.7,70.6,70.65,68.27,70.36,69.39
72.7,70.38,75.59,70.54,72.38,73.32
70.0,71.24,70.79,70.47,70.8,69.49
69.2,68.29,71.82,70.39,68.84,68.33
70.0,70.52,71.57,67.66,70.02,69.26
70.8,70.16,68.14,71.59,68.83,71.52
70.5,68.44,73.32,70.66,71.27,70.77
71.0,75.48,67.97,69.02,71.65,70.51
69.2,71.84,69.44,67.56,67.35,69.31
71.4,67.8,68.89,71.74,70.87,71.46
71.4,75.08,67.98,70.38,73.32,71.71
70.6,70.47,70.05,72.79,70.28,70.07
70.8,74.75,69.37,72.39,70.81,71.53
69.8,72.8,69.7,72.22,71.44,69.42
70.1,69.35,70.64,68.9,70.97,70.49
71.5,66.72,68.31,73.85,71.83,70.53
70.1,67.79,67.46,69.76,71.29,69.85
72.2,72.62,72.61,71.44,73.66,71.9
72.6,73.93,71.5,70.35,72.43,72.69
71.0,68.58,72.6,68.76,70.9,70.15
73.5,69.89,74.57,74.46,73.04,74.08
73.3,76.65,75.72,73.09,75.17,72.74
73.4,78.24,74.75,72.03,74.19,73.75
73.0,73.26,72.51,73.57,71.33,73.61
70.4,67.12,71.61,69.16,71.85,70.52
72.7,70.42,71.13,73.09,72.62,73.18
68.5,63.68,67.14,67.8,66.78,68.82
68.2,72.34,70.22,69.82,68.4,67.91
66.7,62.88,66.32,68.3,66.37,67.32
70.5,71.27,72.59,70.39,72.01,70.09
68.6,66.34,70.86,67.85,67.42,68.74
70.2,70.74,72.7,69.51,71.51,70.69
72.3,73.81,75.22,73.83,72.53,72.06
72.3,75.6,71.82,71.44,70.52,71.91
72.0,69.06,70.73,70.55,73.89,71.92
69.7,64.81,70.28,67.62,69.75,70.34
69.0,65.37,68.1,68.83,68.16,69.86
70.6,74.6,71.31,70.51,70.48,70.69
68.6,72.34,70.04,70.3,70.03,68.92
68.3,69.27,69.62,66.91,67.52,69.11
70.4,71.41,69.52,69.8,69.17,69.6
68.0,69.65,65.67,69.54,66.52,67.46
68.2,64.95,67.71,69.82,67.39,68.62
66.4,70.54,63.9,65.82,67.52,67.05
66.1,65.29,68.83,65.9,65.99,66.81
68.3,67.13,67.22,67.32,67.21,68.13
68.6,68.79,66.18,70.76,67.26,67.78
69.4,64.87,66.08,67.49,68.73,69.28
68.3,64.96,69.32,70.47,70.06,67.76
67.0,69.38,67.96,67.92,66.37,66.58
69.1,64.93,67.98,69.26,71.05,69.64
69.2,70.23,66.2,66.86,69.14,68.35
71.7,69.15,71.07,71.58,70.42,72.36
70.7,69.59,69.38,70.24,72.26,70.56
69.1,66.99,70.34,67.41,68.94,69.29
68.5,67.06,69.24,69.28,69.34,67.68
67.0,69.19,66.05,69.36,68.93,66.67
68.9,66.87,66.93,69.21,67.1,68.08
69.2,69.86,72.62,70.27,67.59,70.12
68.3,68.06,67.98,66.14,69.18,68.91
72.4,74.04,73.72,71.99,71.53,72.32
70.3,74.67,67.78,68.38,69.04,69.75
68.6,70.93,68.5,69.16,66.76,69.47
66.4,63.55,63.09,68.59,64.49,66.09
66.6,61.91,66.64,67.41,67.7,65.92
68.1,65.72,71.35,65.98,66.64,68.23
67.9,68.85,67.09,67.17,67.77,68.79
68.0,63.51,64.77,68.25,68.42,67.01
67.7,67.66,64.42,67.22,67.41,67.18
67.7,68.67,66.92,69.37,65.81,68.58
69.9,68.24,67.52,71.47,71.03,69.24
68.1,70.81,64.76,68.66,66.14,67.33
68.8,64.87,70.59,68.17,69.85,68.94
68.3,64.05,68.01,67.08,69.87,69.02
67.6,69.88,66.12,65.63,67.33,67.55
65.6,65.55,68.4,64.87,65.74,66.59
66.8,68.68,64.11,66.37,66.71,67.16
66.5,65.85,69.69,67.38,66.06,65.65
66.7,64.16,65.4,67.49,68.25,67.69
68.9,72.09,71.62,66.75,70.48,68.72
70.1,73.09,70.82,69.58,69.44,69.67
69.2,71.15,71.49,67.61,69.66,69.32
68.6,66.32,71.99,66.88,70.31,68.21
67.5,68.4,66.02,69.14,69.35,66.67
67.2,65.81,70.43,64.91,67.24,66.2
66.3,62.22,65.53,65.9,66.11,66.2
67.6,71.77,66.8,65.94,66.71,68.27
69.3,65.67,68.18,71.2,71.14,69.44
68.8,73.3,69.09,69.09,67.37,69.8
70.1,69.56,67.68,68.76,70.42,69.67
69.5,66.35,69.88,69.51,68.63,69.06
70.0,70.42,70.29,71.16,69.12,69.32
69.5,73.23,71.33,71.79,69.12,68.83
68.3,70.62,70.64,66.9,70.3,67.87
67.2,70.27,66.78,69.13,65.42,67.79
67.6,69.19,66.22,69.77,67.91,68.41
68.2,70.12,66.52,70.28,66.53,69.15
67.3,70.79,65.16,67.98,65.92,66.76
67.4,64.9,64.3,68.05,67.16,68.16
66.8,66.69,65.7,66.32,66.84,66.46
66.6,63.81,64.99,67.86,65.64,65.83
66.5,71.38,69.76,66.66,65.77,67.24
66.1,70.54,66.5,66.99,64.45,66.37
67.4,62.79,66.33,67.04,66.61,66.73
66.0,68.06,66.56,67.16,67.87,65.86
66.8,71.05,64.27,68.42,68.58,66.37
67.4,64.21,67.01,65.63,66.74,67.87
67.1,67.78,67.98,68.76,67.38,67.01
66.4,70.55,66.32,66.6,68.04,67.38
67.6,62.94,66.91,69.32,65.62,66.71
67.6,69.57,71.06,67.26,68.84,67.31
67.3,65.27,69.96,66.7,69.09,67.26
68.2,72.44,69.06,70.28,66.57,68.21
66.6,71.31,67.09,65.36,65.25,66.23
68.4,72.84,69.24,70.12,70.24,68.86
69.2,68.94,67.11,69.12,69.35,69.95
66.8,70.42,66.07,66.87,64.86,67.68
66.9,70.35,63.68,65.94,65.93,67.51
67.3,65.49,67.13,67.67,67.1,68.0
68.5,71.79,68.8,67.63,69.27,68.6
68.1,63.47,66.19,65.8,69.03,68.75
67.4,68.36,70.65,66.26,69.38,67.01
68.4,65.7,71.27,65.93,67.55,68.2
66.5,62.71,68.06,68.89,66.65,66.13
65.5,61.27,65.73,67.83,65.63,65.43
66.4,68.36,68.99,65.88,66.02,65.97
66.6,65.0,64.01,67.74,65.28,67.52
66.9,69.15,68.93,66.13,68.81,66.53
67.0,62.65,64.37,67.86,68.41,66.2
67.8,65.95,69.86,69.33,67.79,67.85
68.6,68.99,67.03,70.83,69.01,67.71
68.8,71.71,71.44,68.3,67.71,68.02
69.2,67.39,72.31,70.62,69.38,68.64
70.8,72.06,68.34,69.63,71.58,70.73
70.0,73.86,69.74,72.45,70.06,69.87
69.7,70.86,73.07,67.33,71.66,70.3
69.1,66.43,68.98,69.62,69.55,69.58
68.0,63.24,70.54,68.8,67.48,67.85
67.4,71.1,68.02,68.34,68.49,67.07
68.4,63.61,67.53,66.5,67.08,68.03
68.8,72.55,67.3,70.99,68.34,69.35
68.7,68.99,66.62,67.11,68.09,67.8
69.2,73.59,71.03,69.81,68.93,68.23
69.4,72.39,68.61,68.01,70.53,69.99
70.4,75.38,70.48,69.44,70.34,70.35
71.3,69.81,71.25,71.53,72.48,70.56
70.4,73.07,70.94,69.99,70.71,69.87
69.7,68.72,72.26,68.0,69.07,70.57
69.3,69.1,72.67,67.65,70.54,70.02
68.3,69.58,67.65,67.89,67.25,68.72
68.8,72.54,71.09,70.09,67.7,68.76
69.2,74.04,71.05,71.19,69.22,69.24
69.1,71.78,69.61,67.02,68.14,70.05
69.4,68.58,72.59,68.87,67.44,70.33
68.3,67.51,66.2,66.3,68.89,67.73
67.6,69.98,64.86,65.18,67.64,68.22
69.7,67.09,72.18,70.51,69.48,69.09
68.1,64.2,67.67,68.61,69.97,67.53
69.3,67.85,71.73,67.62,69.58,69.65
69.0,66.87,71.75,67.67,70.45,68.81
70.3,68.26,67.24,67.92,68.86,71.16
69.6,66.94,72.28,71.27,69.88,68.78
69.6,65.02,69.24,71.97,71.07,69.62
69.1,64.28,69.17,67.28,69.43,69.94
68.0,72.88,68.89,66.66,68.87,68.81
68.7,67.98,71.68,70.54,68.19,68.01
68.0,66.84,64.63,70.13,66.37,67.73
70.2,72.0,70.04,69.8,70.03,70.44
69.2,66.38,70.51,66.95,68.78,68.52
69.5,74.0,71.06,67.2,70.97,70.44
68.8,71.66,70.15,69.17,67.78,69.63
68.3,64.19,65.74,67.76,70.17,67.63
68.4,67.58,67.0,66.04,70.23,67.64
66.4,70.19,65.41,66.82,65.39,65.57
67.5,71.95,69.63,65.06,66.89,68.32
68.7,68.37,67.15,70.14,70.28,68.09
70.8,71.93,68.77,69.83,72.67,70.63
70.2,66.87,73.4,67.9,69.97,70.1
70.5,75.41,67.06,70.94,69.78,70.7
70.7,68.02,74.18,70.19,70.8,69.84
70.7,75.13,71.94,73.07,71.45,70.15
71.3,72.8,73.6,71.52,70.39,72.16
69.9,70.98,68.46,68.78,70.85,70.72
70.4,70.53,67.0,71.45,68.61,70.96
68.3,65.61,69.97,67.16,66.5,67.34
67.2,63.97,69.54,69.22,66.75,66.85
68.0,65.2,69.68,67.37,67.41,68.26
67.5,64.36,65.0,67.75,66.76,67.05
68.2,71.0,69.97,65.95,68.16,69.02
69.4,67.9,71.28,69.03,68.68,69.67
69.0,64.58,70.11,70.66,67.77,68.14
68.7,73.39,70.56,70.23,67.94,69.52
68.2,72.04,70.62,66.82,70.1,69.12
68.7,72.98,69.5,67.33,68.34,67.86
68.1,73.05,65.22,69.69,67.88,68.16
69.3,66.04,69.21,71.45,69.61,68.91
69.0,67.96,66.04,66.98,70.93,68.79
68.3,70.88,67.65,68.05,67.27,67.66
68.0,69.96,67.35,67.19,68.73,68.16
69.1,65.64,66.06,70.95,69.96,70.02
67.6,70.76,66.54,65.52,68.03,67.61
69.2,66.44,66.48,67.76,67.55,68.37
68.4,65.64,70.56,69.66,69.11,68.64
67.7,68.07,70.83,65.46,65.96,67.38
68.2,69.13,65.21,68.16,68.58,68.91
68.0,68.8,71.19,67.71,68.96,67.87
73.4,69.31,73.56,72.57,72.24,72.79
73.5,77.27,72.1,72.97,74.87,72.88
74.1,71.76,71.14,74.25,72.22,74.64
72.0,68.3,72.0,70.31,73.38,71.53
73.0,76.89,75.06,73.36,72.84,73.53
72.9,77.46,74.35,74.43,71.77,72.31
74.1,77.72,70.95,75.4,72.64,73.74
73.3,76.4,70.31,71.57,75.11,73.23
73.9,75.45,73.22,72.15,72.19,74.79
73.8,74.31,72.37,72.64,72.6,74.66
73.3,69.17,71.43,72.61,72.69,72.71
72.9,71.98,71.37,72.44,73.38,72.62
73.3,72.03,75.42,74.2,73.48,72.6
73.6,71.2,76.6,71.38,72.1,73.62
72.3,74.53,71.64,69.97,71.46,72.22
71.8,71.76,74.64,71.26,70.76,72.6
71.6,67.41,70.35,72.59,70.45,72.46
71.7,68.9,71.54,70.17,71.34,71.47
71.7,73.53,69.78,72.41,72.52,71.68
72.1,67.86,73.08,70.9,70.97,72.89
71.7,75.21,75.05,73.63,71.17,72.31
71.8,71.75,72.52,73.78,71.36,70.81
71.7,71.51,70.7,70.69,73.61,71.34
72.1,73.02,73.13,70.75,73.92,71.94
71.8,75.05,69.16,71.36,73.0,71.26
71.9,70.38,74.62,70.6,70.87,71.3
71.2,72.98,71.22,72.06,69.47,70.28
71.2,71.86,70.85,72.83,70.47,71.49
71.1,68.77,71.7,71.97,70.17,70.63
71.0,74.79,71.87,72.62,71.02,70.1
70.9,73.87,67.9,70.38,72.01,70.36
70.7,72.28,71.98,68.98,72.13,71.3
70.8,74.31,68.99,71.99,72.18,71.5
71.7,75.37,73.2,71.0,71.14,71.67
71.7,73.78,73.96,72.56,72.45,71.53
71.3,74.67,73.43,70.15,70.55,72.26
71.8,73.77,72.17,69.71,70.04,71.2
70.9,72.7,71.04,73.36,71.71,70.33
71.5,72.69,69.0,69.78,69.54,71.08
72.1,74.63,74.03,74.54,71.74,71.45
72.7,69.29,71.1,75.09,72.02,72.46
72.9,76.71,72.88,74.37,73.67,73.72
72.9,76.62,71.39,73.7,73.96,73.13
73.0,68.29,70.44,73.39,72.22,72.82
73.1,76.36,74.01,74.93,74.35,73.97
74.3,70.59,71.18,73.25,73.48,73.4
74.9,73.25,76.64,74.74,74.69,74.32
75.2,77.64,73.92,75.8,76.11,75.33
74.6,71.21,71.1,74.16,75.37,74.83
74.9,78.08,74.98,74.54,76.85,73.98
74.3,77.62,71.13,73.45,73.2,74.11
73.9,73.97,72.33,74.22,74.55,74.2
73.5,68.56,74.95,75.25,73.94,73.9
74.2,72.07,71.14,72.71,75.86,74.48
74.0,75.17,76.38,76.17,72.63,73.64
74.2,79.01,70.73,75.15,75.21,73.39
73.7,75.02,71.93,75.32,73.97,73.55
73.0,70.6,74.69,73.28,72.1,72.26
72.9,74.24,71.61,74.3,72.8,73.8
73.6,74.0,70.81,71.18,72.94,73.55
72.5,75.3,71.52,74.09,72.82,72.13
73.6,69.67,71.99,71.3,75.16,74.13
74.4,77.01,76.8,76.35,74.68,74.4
73.3,73.71,71.99,75.76,73.83,72.92
74.0,78.63,76.02,72.97,74.07,74.62
73.6,72.02,76.34,72.15,71.8,74.33
73.6,74.93,73.14,74.93,72.53,73.95
73.5,77.82,76.37,72.27,73.47,72.59
72.8,68.83,71.94,74.63,72.04,72.93
73.0,77.37,76.25,71.01,71.73,73.53
72.3,74.18,69.43,70.43,72.32,71.57
72.0,67.68,73.31,74.4,71.29,71.46
70.2,68.21,70.16,71.07,69.23,70.96
69.6,71.68,68.81,71.33,69.46,68.64
71.6,67.27,72.53,70.72,70.13,72.11
72.0,72.82,73.43,72.88,73.71,71.95
72.0,70.46,68.53,72.47,73.47,71.89
73.4,74.61,71.07,73.92,74.23,72.41
72.1,67.56,73.59,73.01,70.52,72.74
72.5,76.22,73.66,72.88,73.6,72.22
70.5,75.23,73.76,70.15,71.73,70.58
73.1,77.79,74.93,71.98,74.17,73.45
71.3,73.8,74.46,72.64,69.76,71.71
72.3,68.6,73.72,70.93,72.88,73.21
71.7,74.28,70.29,72.66,73.04,71.76
69.8,65.05,67.04,68.47,70.11,69.6
71.3,66.52,73.27,71.93,71.89,72.21
70.3,68.54,71.31,71.54,70.13,70.58
72.1,71.99,68.94,70.69,72.21,71.7
73.3,76.0,72.32,71.1,71.44,72.55
73.8,75.63,77.0,71.95,74.36,74.49
74.2,73.66,74.2,74.73,72.53,73.92
73.8,71.54,73.33,75.55,73.54,74.12
74.1,79.07,73.8,71.82,73.27,74.04
74.3,73.56,72.26,75.47,74.48,73.7
72.8,72.31,71.88,72.01,71.33,73.0
70.6,67.24,69.69,70.49,71.37,69.72
69.5,72.45,66.37,71.64,70.68,69.33
70.9,72.84,72.77,70.06,69.55,70.99
71.2,68.41,70.62,71.03,69.62,71.07
70.2,66.02,72.46,67.77,68.78,70.7
70.9,72.7,73.35,68.81,72.41,71.56
71.6,73.15,69.58,70.39,71.71,72.14
72.2,69.93,73.3,69.84,72.07,71.28
72.9,77.41,72.71,73.56,71.33,72.29
70.9,67.41,73.56,70.53,71.5,70.97
73.7,73.02,71.71,73.94,75.17,74.57
73.1,77.54,74.34,71.47,74.41,73.77
67.1,66.3,67.85,66.08,67.6,67.79
66.2,67.59,64.77,67.02,64.5,65.81
65.5,64.48,62.96,67.83,63.95,65.36
66.2,63.94,67.26,63.95,64.4,66.14
65.1,69.94,66.77,67.05,64.13,64.41
64.2,63.29,62.91,64.58,62.74,63.26
65.5,69.44,66.51,65.82,64.54,66.39
66.1,63.4,65.37,66.1,65.64,65.58
66.1,63.23,67.59,63.95,67.87,65.58
66.2,61.51,64.09,64.15,66.64,65.37
65.2,66.72,67.93,65.7,66.54,66.06
64.8,63.49,63.31,64.0,65.64,64.96
63.7,67.34,62.77,65.79,62.15,64.03
63.1,62.83,60.01,62.63,64.04,63.92
64.0,68.68,61.28,62.22,63.1,63.69
64.1,60.96,64.21,65.17,64.66,64.34
65.5,69.19,63.87,64.47,64.86,64.58
66.3,69.07,68.65,66.43,68.29,65.67
65.8,68.51,62.4,66.79,64.85,66.46
63.4,66.85,62.55,65.4,62.52,63.93
63.2,65.81,62.06,64.66,64.92,62.9
62.0,63.26,58.64,62.88,60.1,61.75
63.3,59.61,60.67,64.2,64.09,63.37
64.1,59.43,63.5,66.33,65.0,63.1
59.2,63.41,59.15,58.18,60.55,58.68
62.7,63.87,62.03,60.21,64.6,62.12
63.9,66.87,64.12,62.76,65.8,63.4
65.2,65.02,65.87,63.79,63.46,65.81
63.9,60.07,60.47,64.71,65.19,63.46
61.9,58.15,61.65,62.57,62.49,61.28
63.7,65.56,66.94,64.17,64.29,63.71
61.9,61.2,62.03,59.48,60.41,62.63
62.6,59.61,63.84,63.74,63.2,62.08
63.4,63.32,62.08,62.52,65.33,62.56
63.1,58.74,65.02,63.93,64.75,62.81
61.6,62.42,63.51,61.88,61.36,62.1
62.6,60.29,62.75,61.81,60.76,62.7
60.2,63.18,63.53,58.37,59.65,60.83
62.0,60.1,59.38,59.97,63.31,62.92
60.1,59.65,56.72,61.76,60.91,60.69
60.4,55.52,62.29,62.49,60.24,60.61
60.3,56.02,62.45,61.05,58.52,60.29
59.5,58.42,56.84,57.52,59.21,58.58
59.7,59.5,58.06,59.21,59.58,60.67
60.1,61.1,56.72,61.24,61.81,59.87
60.0,57.92,58.55,61.4,60.56,59.3
61.1,63.05,63.01,59.19,60.35,61.43
61.6,65.2,61.73,59.1,61.7,61.17
61.0,63.8,59.94,62.06,59.26,61.17
60.1,55.5,59.2,59.38,61.99,60.27
60.3,60.11,56.81,59.07,59.74,60.19
60.8,56.85,59.4,58.36,60.71,61.47
59.4,56.82,60.43,59.6,58.82,58.93
59.1,63.97,62.42,60.86,59.83,59.0
58.6,55.02,61.03,60.89,59.25,58.68
58.2,58.19,54.87,58.53,59.06,58.53
57.7,58.88,60.49,57.77,56.77,58.27
59.5,61.52,61.48,57.43,58.76,59.29
59.4,60.0,61.36,59.64,57.9,59.69
59.2,54.3,58.91,58.6,59.82,58.5
59.3,57.56,58.59,59.84,57.46,60.17
60.4,60.58,59.02,59.84,60.79,60.17
60.0,55.88,56.96,58.7,61.48,60.46
59.9,58.41,58.0,57.87,61.46,58.94
60.6,55.93,58.83,59.67,60.4,60.01
60.5,56.29,60.39,58.48,60.34,60.47
61.0,59.97,62.73,59.38,59.31,61.76
60.4,56.73,60.22,62.84,61.08,60.45
59.6,60.28,56.5,59.32,60.89,60.46
58.6,60.49,61.8,58.76,57.58,58.57
57.9,60.91,61.0,59.77,57.59,57.88
61.0,58.0,63.0,63.48,62.36,60.24
61.0,57.67,64.44,61.41,62.51,61.61
60.9,56.95,61.21,62.46,59.87,60.39
61.6,62.96,64.84,60.73,61.8,62.4
61.1,63.16,58.13,60.13,59.87,61.92
61.3,56.62,60.36,60.81,59.71,62.19
60.6,64.96,58.68,61.46,62.24,60.64
59.6,55.12,57.47,60.51,60.88,59.95
59.0,59.41,56.49,58.08,60.04,59.56
59.8,61.89,60.66,57.97,58.0,59.06
60.3,64.01,62.27,60.96,61.67,60.5
60.7,62.84,61.25,58.84,60.45,59.77
60.2,63.22,57.73,60.59,59.57,60.2
59.8,58.19,61.98,60.77,59.99,59.11
59.7,62.85,60.65,60.7,58.07,59.07
59.1,54.9,58.32,60.37,60.13,58.83
60.0,63.95,61.22,61.86,60.33,59.86
58.7,59.18,57.02,58.7,57.45,58.95
59.9,63.07,58.82,61.05,58.65,59.05
60.6,60.12,63.52,61.2,59.34,60.61
60.9,62.34,59.43,59.33,59.13,60.27
58.4,58.66,58.19,56.03,58.75,58.55
59.5,61.82,62.23,58.42,60.86,59.77
58.7,54.52,60.15,58.42,56.77,58.81
58.5,54.1,55.44,59.09,56.7,58.98
58.9,56.37,56.43,60.65,59.19,58.57
59.8,56.4,56.35,58.28,61.08,60.33
53.1,56.82,54.02,51.23,52.41,52.97
55.4,52.59,55.03,57.72,54.8,55.37
57.4,62.16,54.84,55.44,57.79,57.7
59.4,57.77,62.61,59.29,58.5,58.44
60.7,57.52,60.91,61.13,58.81,61.01
61.1,64.0,59.29,61.31,62.04,61.34
61.1,62.69,61.1,59.03,61.6,60.72
61.1,61.08,62.36,58.89,61.42,60.27
59.1,59.65,56.13,57.13,60.07,58.28
59.3,61.49,57.72,59.73,60.0,60.15
59.6,56.88,61.75,59.82,58.42,59.98
58.2,63.16,57.92,56.87,57.61,57.45
58.5,63.25,58.83,59.19,57.0,58.21
58.4,59.9,57.93,60.0,56.92,58.58
58.6,55.6,55.41,56.31,59.3,59.27
58.3,60.1,55.96,58.29,59.73,57.39
60.9,56.62,60.52,61.85,62.75,60.37
60.1,55.41,58.06,58.86,60.61,60.88
60.7,58.28,57.55,59.74,59.44,59.72
62.1,61.73,64.51,62.67,60.52,61.5
60.4,64.08,63.77,62.39,61.65,61.32
61.2,63.47,63.25,62.75,61.52,61.43
60.4,62.83,62.88,60.82,60.87,59.92
61.9,61.15,60.09,63.05,63.03,61.03
61.1,59.56,64.32,60.42,61.91,60.16
62.7,61.41,60.58,63.4,64.04,62.19
62.8,67.68,65.96,62.63,61.02,63.56
62.6,58.0,66.06,61.05,63.59,62.43
61.2,64.87,62.68,62.21,62.6,61.64
61.3,62.09,64.67,61.58,60.44,62.14
60.6,59.99,61.09,59.89,61.16,60.42
61.3,63.55,59.62,63.36,60.56,60.68
61.3,61.17,60.86,58.9,63.13,61.33
63.2,66.93,63.85,62.28,61.33,64.02
54.8,58.81,51.81,52.58,55.12,55.41
53.0,52.22,53.86,54.33,51.67,52.13
51.5,49.27,54.87,52.51,52.35,51.89
57.5,58.42,55.33,56.66,56.2,57.64
60.3,64.42,62.35,61.18,59.24,61.11
60.7,57.81,63.56,60.18,60.68,59.94
60.8,62.03,63.91,62.08,62.46,60.87
62.4,63.72,65.62,62.17,61.25,63.16
62.7,65.03,62.85,62.26,61.28,62.52
62.1,58.42,65.44,64.27,63.14,62.06
63.3,65.46,65.1,62.05,63.3,62.44
63.1,67.19,60.73,61.2,64.75,62.66
63.2,60.0,63.04,63.62,61.79,62.85
64.9,62.28,66.43,67.25,65.48,65.79
64.1,68.81,62.33,63.49,63.03,63.67
64.5,61.31,65.48,62.31,63.13,64.42
65.0,68.54,66.17,64.2,65.73,65.34
63.9,63.82,61.54,63.93,64.27,63.22
64.0,61.47,64.46,62.31,65.02,63.97
63.6,67.31,65.5,64.39,62.84,64.08
63.0,62.45,62.99,65.49,62.79,63.73
64.5,64.65,61.08,64.26,64.12,64.75
64.8,63.39,61.36,64.07,66.74,65.14
64.9,65.83,63.9,64.4,64.07,64.15
65.8,62.44,68.78,63.88,64.98,66.69
65.3,64.21,63.4,67.22,64.72,64.57
66.0,70.69,66.94,65.57,66.26,66.55
65.0,62.58,63.05,64.44,64.01,64.53
64.2,65.77,62.95,65.0,65.86,65.07
65.9,64.15,68.34,65.61,64.96,66.34
67.1,69.83,68.7,67.84,68.68,67.61
65.9,62.21,63.07,63.71,64.31,65.34
68.1,72.8,67.6,69.67,68.73,67.99
67.6,67.14,64.3,69.8,69.23,67.84
66.8,64.16,66.67,67.54,65.47,67.34
67.7,63.43,68.84,69.97,69.57,66.91
67.2,63.9,64.53,65.46,67.01,68.12
67.0,67.2,65.52,66.89,68.78,67.78
65.9,64.27,65.18,66.41,66.61,65.44
64.5,67.79,67.44,64.91,63.71,65.15
67.9,67.21,71.35,67.41,66.65,67.94
67.7,65.19,64.51,66.89,66.91,67.62
67.4,68.57,69.23,65.53,65.77,67.03
68.5,70.57,67.6,67.96,67.08,68.66
70.4,67.07,69.65,68.71,68.82,70.86
68.9,65.58,70.68,70.07,68.59,68.72
67.1,62.47,70.03,65.64,68.28,67.36
67.8,70.16,70.96,65.59,66.37,68.2
68.0,69.64,68.54,68.26,66.52,68.42
68.1,67.85,67.1,68.58,68.67,67.2
66.8,70.24,68.81,68.66,65.59,67.52
67.9,70.96,66.16,68.28,66.29,67.82
68.3,69.15,68.75,67.53,66.97,67.82
66.7,70.38,65.71,68.22,68.39,66.18
67.0,64.06,68.1,67.2,68.29,66.97
69.4,65.52,67.58,67.3,68.82,70.17
71.0,68.7,68.84,71.33,71.62,70.76
71.1,66.67,74.03,73.14,71.25,71.6
70.7,71.01,67.91,70.18,71.41,69.89
68.9,73.27,68.94,67.88,69.63,68.85
69.6,64.99,67.65,67.82,70.11,70.58
70.2,66.42,66.97,68.46,69.26,70.74
68.9,68.42,65.65,68.56,67.06,68.32
70.2,74.54,67.93,70.68,70.02,70.2
71.7,69.86,74.27,69.6,73.26,71.17
70.1,70.17,68.58,72.3,70.38,69.92
68.9,64.32,72.05,70.18,70.23,69.46
68.1,64.58,68.67,68.53,70.07,68.64
68.8,73.67,68.36,70.44,67.45,68.26
68.5,73.15,69.06,66.4,69.27,69.34
67.1,62.15,67.22,66.98,67.8,67.29
68.6,73.12,70.41,69.25,70.52,68.36
68.7,70.09,67.18,70.34,70.64,68.7
66.7,70.38,65.67,68.12,67.45,66.91
65.1,64.65,67.86,63.99,64.07,65.22
67.6,67.76,70.73,69.8,68.79,67.57
66.6,66.49,69.35,64.72,65.03,66.61
65.6,67.27,65.04,67.48,66.72,64.95
65.0,61.4,66.96,67.35,66.64,65.63
65.2,60.5,65.03,63.59,64.73,65.28
63.4,61.48,63.38,64.51,63.92,62.66
65.4,67.45,63.33,63.1,65.12,65.93
67.0,64.02,67.64,66.53,66.75,67.86
69.1,70.83,66.9,69.18,68.34,69.99
